{"cameraMode":{"drawMode":0,"name":"Shaded","section":"Shading Mode"},"sceneLighting":false,"audioPlay":false,"sceneViewState":{"showFog":true,"showMaterialUpdate":true,"showSkybox":true,"showFlares":true,"showImageEffects":true,"showParticleSystems":true},"in2DMode":false,"pivot":{"x":388.33660888671877,"y":261.24365234375,"z":-611.8263549804688},"rotation":{"x":-0.09586192667484284,"y":0.4049830436706543,"z":0.04310917481780052,"w":0.908450722694397},"size":805.2703857421875,"orthographic":false}