{"cameraMode":{"drawMode":0,"name":"Shaded","section":"Shading Mode"},"sceneLighting":false,"audioPlay":false,"sceneViewState":{"showFog":true,"showMaterialUpdate":false,"showSkybox":false,"showFlares":true,"showImageEffects":true,"showParticleSystems":true},"in2DMode":false,"pivot":{"x":-13.029277801513672,"y":7.0869855880737309,"z":-12.279991149902344},"rotation":{"x":0.01015870738774538,"y":-0.9859714508056641,"z":0.06427295506000519,"w":0.15414361655712129},"size":2.051486015319824,"orthographic":false}